"","title","date","author","organization","like","read"
"1","
                        卖咖啡的雀巢为了跨界做医疗，到底要走几步？ 
                    ","2016-09-17","王越","DT财经","5","2016"
"2","
                        菜鸟VS京东：物流机器人哪家强？ 
                    ","2016-09-18","胡宏毅","DT财经","11","1351"
"3","
                        卖咖啡的雀巢为了跨界做医疗，到底要走几步？ 
                    ","2016-09-17","王越","DT财经","5","2016"
"4","
                        活动 | 开学季在珞珈山谈数据新闻：首届数据与媒介发展论坛谈了什么？ 
                    ","2016-09-17","镝次元","DT财经","1","214"
"5","
                        想刷北马？半数以上的人越跑越慢，还跑不过冠希哥 
                    ","2016-09-16","沈念祖","DT财经","10","3526"
"6","
                        报告 | 希拉里即便撑到当选，也只能扑腾四年？ 
                    ","2016-09-15","胡世龙","DT财经","6","842"
"7","
                        CBNData | 月饼网购：比五仁更火的是这种口味 
                    ","2016-09-15","CBNData","DT财经","7","678"
"8","
                        中国智能手机变局：7图揭示“小米模式”失灵真相 
                    ","2016-09-14","王珏","DT财经","4","1883"
"9","
                        中国智能手机变局：一场人人都有机会称霸的战争 
                    ","2016-09-14","王珏","DT财经","3","476"
"10","
                        中国智能手机变局：终于到了拼广告的时代 
                    ","2016-09-14","王珏","DT财经","5","571"
"11","
                        史上最牛月饼测试，做完还有福袋秒！ 
                    ","2016-09-14","大数据网橙DT君","DT财经","3","272"
"12","
                        开张一个月了，淘宝讲的《一千零一夜》打动了你的荷包吗？ 
                    ","2016-09-13","李宇琳","DT财经","8","1580"
"13","
                        史上最牛月饼测试，做完还有福袋秒！ 
                    ","2016-09-13","大数据网橙DT君","DT财经","4","401"
"14","
                        报告 | 数据科学从业者，你要怎样才能赚更多钱？ 
                    ","2016-09-13","唐也钦","DT财经","2","461"
"15","
                        数据侠 | 后厂村路制约了中国互联网发展？这锅它不背 
                    ","2016-09-12","数据侠","DT财经","19","1389"
"16","
                        楼市炒热都怪地王，你们信吗？ 
                    ","2016-09-12","唐也钦","DT财经","6","523"
"17","
                        综艺韩流凶猛，它们凭啥霸屏中国？ 
                    ","2016-09-11","谭琪","DT财经","4","1344"
"18","
                        数据侠｜我们用数据神器，做了一顶《哈利·波特》魔法学院的“分院帽” 
                    ","2016-09-11","Ao liu等","DT财经","1","359"
"19","
                        BAT玩转医疗01｜抢滩移动医疗，BAT分别布了个什么“阵”？ 
                    ","2016-09-10","王越","DT财经","4","774"
"20","
                        BAT玩转医疗02｜百度在移动医疗上的野心，可不只一个莆田系 
                    ","2016-09-10","王越","DT财经","1","282"
"21","
                        BAT玩转医疗03｜阿里移动医疗接连遇“坑”，政策风口何时会来？ 
                    ","2016-09-10","王越","DT财经","2","185"
"22","
                        BAT玩转医疗04｜我们为腾讯设想了一套移动医疗的炫酷玩法 
                    ","2016-09-10","王越","DT财经","1","204"
"23","
                        震级比原来的都高！这可能是朝鲜迄今最大规模的核试验 
                    ","2016-09-09","朱凌 杨闻新","DT财经","7","1915"
"24","
                        马云的“湖畔大学”开网课了，没钱没势力也能立刻入学 
                    ","2016-09-09","李宇琳","DT财经","2","1161"
"25","
                        CBNData | 测一测你是真果粉还是跟风汪 
                    ","2016-09-09","CBNData","DT财经","1","219"
"26","活动｜Adplus2016想让你玩儿什么、听什么？","2016-09-13","DT财经","DT财经","4","81"
"27","
                        百万驴友告诉你，国庆自由行去哪里 
                    ","2016-09-17","新一酱","新一线城市研究室","21","3217"
"28","
                        首届数据与媒介发展论坛都谈了什么？| 新一酱的朋友圈 
                    ","2016-09-17","镝次元","新一线城市研究室","0","310"
"29","
                        开发区十年“瘦身”大作战 
                    ","2016-09-10","新一酱","新一线城市研究室","19","3833"
"30","
                        周末自驾游？让我们来聊聊租车这件事 
                    ","2016-09-03","新一酱","新一线城市研究室","11","2668"
"31","
                        焦躁的义乌 
                    ","2016-09-01","新一酱","新一线城市研究室","41","5166"
"32","
                        宜居慢城 | 珠海特刊上线 
                    ","2016-09-01","新一酱","新一线城市研究室","2","1013"
"33","
                        撤县设区，就能过城里人的生活了？ 
                    ","2016-08-27","新一酱","新一线城市研究室","36","5220"
"34","
                        想要完美身材？这两项运动是最佳选择！ 
                    ","2016-08-23","新一酱","新一线城市研究室","50","7991"
"35","
                        商住这么火，该去哪里买一套？ 
                    ","2016-08-20","新一酱","新一线城市研究室","21","6350"
"36","
                        纳尼，七夕涨价最多的花居然不是玫瑰？！ 
                    ","2016-08-13","新一酱","新一线城市研究室","12","2905"
"37","
                        “最上海”的街区面临整改，发生了什么？ | CBNweekly 
                    ","2016-08-13","肖文杰等","新一线城市研究室","10","2030"
"38","
                        错！谁跟你说跑步是最便宜的运动了？！ 
                    ","2016-08-13","CBNData","新一线城市研究室","6","1262"
"39","
                        沙县兰州相爱相杀这么久，为什么一夜间都被黄焖鸡米饭打败了 
                    ","2016-08-06","新一酱","新一线城市研究室","49","15717"
"40","
                        中国最棒的30个运动城市在这里 
                    ","2016-08-04","新一酱","新一线城市研究室","38","12731"
"41","
                        什么地方容易发生严重交通事故？ 
                    ","2016-09-18","团支书、魏小帅","城市数据团","46","5182"
"42","
                        上海主要商圈消费及客流数据解读 
                    ","2016-09-08","魏小帅、团支书","城市数据团","110","45186"
"43","
                        看病贵看病难，我们该怎么办？ 
                    ","2016-09-03","团支书","城市数据团","56","5768"
"44","
                        2040年，你能成为上海2500万市民之一吗？ 
                    ","2016-08-26","团支书","城市数据团","254","47917"
"45","
                        数说奥运：运动员肉体观赏指南 
                    ","2016-08-20","团支书、大鹏","城市数据团","79","11284"
"46","
                        豪宅背后，总有明知买不起也要奋力点击的身影 
                    ","2016-08-06","团支书","城市数据团","64","13262"
"47","
                        PokemonGo：精灵捕获攻略（武汉篇） 
                    ","2016-08-01","冯里婧、望开磊","城市数据团","50","8112"
"48","
                        数据告诉你：金牛最浪双鱼最富，天蝎男最爱姐弟恋 
                    ","2016-07-16","团支书","城市数据团","103","32299"
"49","
                        【大鹏教你玩数据 | 第三期】浮华都市的租房攻略 
                    ","2016-07-16","数据团学社","城市数据团","27","2760"
"50","
                        7.14见证上海新地王，楼板价或突破10万 
                    ","2016-07-10","团支书、大鹏","城市数据团","53","23513"
"51","
                        【大鹏教你玩数据 | 第二期】把妹 / 撩汉的正确打开方式！ 
                    ","2016-07-10","数据团学社","城市数据团","18","2116"
"52","
                        皮尤权威报告：数字新闻如何改变读者阅读习惯？这里有10大发现 
                    ","2016-09-19","邵琦","百度新闻实验室","4","477"
"53","
                        盘点丨截至9月，广电总局今年出台了哪些传媒新规 
                    ","2016-09-19","节目一线","百度新闻实验室","0","114"
"54","
                        这个23岁的小哥，用镜头讲述了自己的抑郁症... 
                    ","2016-09-19","英国那些事儿","百度新闻实验室","3","104"
"55","
                        瞅瞅这些损色，手机品牌的洪荒之力都用尽了 
                    ","2016-09-19","TOP君","百度新闻实验室","1","69"
"56","
                        社交媒体的下一站：关键词不只是付费化、垄断和VR 
                    ","2016-09-18","吕林轩","百度新闻实验室","4","440"
"57","
                        人人都用朋友圈，但你知道“读者圈”吗？ 
                    ","2016-09-18","全球深度报道网","百度新闻实验室","1","284"
"58","
                        Facebook默默开始“抄”微信，但“抄”得还不够 
                    ","2016-09-18","外电组","百度新闻实验室","2","162"
"59","
                        乔任梁死亡谣言：我们从来没有学会尊重生命本身 | 冰川观察 
                    ","2016-09-18","连清川","百度新闻实验室","4","584"
"60","
                        《今日美国》：先给自己定个小目标，比如把视频新闻玩到6 
                    ","2016-09-17","周碧莹","百度新闻实验室","6","247"
"61","
                        如果“月饼门”发生在 Google 会怎样？前 Google 人亲述他抢了 50 件 T-shirt 的故事 
                    ","2016-09-17","吴卓浩","百度新闻实验室","1","161"
"62","
                        还在用社交媒体作信源？研究发现读者最不信任这种新闻！ 
                    ","2016-09-16","刘建坤","百度新闻实验室","2","388"
"63","
                        网易新闻要单飞了？赚不了钱的门户该何去何从 
                    ","2016-09-16","二维酱","百度新闻实验室","3","233"
"64","
                        “被墙”并不是阻碍，Twitter在中国也有流量生意？ 
                    ","2016-09-16","孙骋","百度新闻实验室","0","78"
"65","
                        网购月饼指数：用户偏好提前购，广式月饼获压倒性胜利 
                    ","2016-09-16","电商在线","百度新闻实验室","0","115"
"66","
                        进击的聊天机器人：我们的目标是报道一切！ 
                    ","2016-09-15","梁博宇","百度新闻实验室","10","231"
"67","
                        一文读懂 | 2016广电总局新政全解析 
                    ","2016-09-15","沈浩卿","百度新闻实验室","1","117"
"68","秀场直播在左，知乎分答在右，语音直播是鸡肋还是创新","2016-09-17","耿牧风、陆鹏鹏、张弛"," 百度新闻实验室","2","96"
"69","苹果新推出的 Apple News，简直就是在教国内各大新闻客户端怎么做人","2016-09-15","百度新闻实验室","百度新闻实验室","1","348"
"70","
                        别人家的公司又来了：互联网巨头公司月饼大PK 
                    ","2016-09-15","Shirley.xu","百度新闻实验室","1","184"
"71","
                        解禁“媒体黑名单”，川普要与老对头们重修旧好？ 
                    ","2016-09-14","邵琦","百度新闻实验室","2","184"
"72","
                        经济学人的三张图：理解社交媒体时代的谣言与真相 
                    ","2016-09-14","新闻实验室","百度新闻实验室","2","315"
"73","
                        谁在控制暑期收视议程？ 
                    ","2016-09-14","静子","百度新闻实验室","1","135"
"74","
                        逃离编辑部：国外记者也要跳槽！旧传媒、新雇主，他们如何比较？ 
                    ","2016-09-13","薛静","百度新闻实验室","2","326"
"75","
                        做好这五点，电视人也可玩转IP 
                    ","2016-09-13","潘杨燕","百度新闻实验室","1","70"
"76","
                        把钱转进余额宝并不能躲开手续费！三张图告诉你正确的避费姿势 
                    ","2016-09-13","小田一成","百度新闻实验室","1","507"
"77","
                        任天堂牵手苹果发力手游业务 超级马里奥能否成为第一功臣？ 
                    ","2016-09-13","科技棱镜社","百度新闻实验室","1","47"
"78","
                        面对屠屏的恶意评论，小编们都是这么应对的…… 
                    ","2016-09-12","吕林轩","百度新闻实验室","1","371"
"79","
                        《纸牌屋》背后的公司，革命了电视，也成为了行业未来 
                    ","2016-09-12","陈达","百度新闻实验室","3","175"
"80","
                        全民低头族时代，我们开始怀念“葛优躺”式的观看体验 
                    ","2016-09-12","蓝鲸传媒 赵凯","百度新闻实验室","5","142"
"81","
                        年轻人，Emoji是这样控制了你的 
                    ","2016-09-12","温丽虹","百度新闻实验室","2","226"
"82","
                        通过调查枪击案，他们竟总结出了6点做数据新闻的人生经验！ 
                    ","2016-09-11","梁博宇","百度新闻实验室","26","404"
"83","
                        快播CEO认罪，成人网站对技术的要求有多高？ 
                    ","2016-09-11","大数据文摘","百度新闻实验室","2","679"
"84","
                        暑期档电视剧遇冷的原因只有这一个 
                    ","2016-09-11","孔昭","百度新闻实验室","1","190"
"85","
                        微信聊天中，对方向你发射一枚[微笑]emoji 
                    ","2016-09-11","北大新媒体","百度新闻实验室","3","400"
"86","
                        舆情解读| 郭德纲VS曹云金，数据说这场舆论撕胯大战到底谁是赢家？！ 
                    ","2016-09-10","金雯思","百度新闻实验室","12","1402"
"87","
                        8亿用户后，海外投资者这样看今天的微信 
                    ","2016-09-10","奶精围","百度新闻实验室","1","175"
"88","
                        iPhone 7已经如约而至，苹果VR还会远吗？ 
                    ","2016-09-10","广胜","百度新闻实验室","1","59"
"89","
                        危急！九月电影大盘跌至2014年最低谷，拿什么来拯救“我的票房”？ 
                    ","2016-09-10","庞宏波 刘瑜","百度新闻实验室","1","61"
"90","
                        苹果新推出的 Apple News，简直就是在教国内各大新闻客户端怎么做人 
                    ","2016-09-15",NA,"百度新闻实验室","1","348"
"91","
                        王菲演唱会你是花7800买票，还是买个VR眼镜看直播？ 
                    ","2016-09-17",NA,"百度新闻实验室","2","136"
"92","
                        数字时代，媒体如何打造自己的“读者圈” 
                    ","2016-09-17","María Ronderos","全球深度报道网","0","206"
"93","
                        开学季，在珞珈山谈数据新闻：首届数据与媒介发展论坛都谈了什么？ 
                    ","2016-09-17","镝次元","全球深度报道网","1","60"
"94","
                        数字记者工具箱：几款超实用的视频制作软件 
                    ","2016-09-12","Paige Levin","全球深度报道网","1","459"
"95","
                        报道亚洲 | “聚焦”小组编辑专访聊什么？就等你来问 
                    ","2016-09-07","GIJN STAFF","全球深度报道网","5","245"
"96","
                        报道亚洲 | 对话BBC专家，网络搜索奇招等你挖掘 
                    ","2016-09-12","GIJN STAFF","全球深度报道网","1","140"
"97","
                        报道亚洲 | 资深数据可视化设计师教你讲好数据故事 
                    ","2016-09-06","GIJN STAFF","全球深度报道网","2","277"
"98","
                        免费实用易上手，这些音频工具不容错过！ 
                    ","2016-09-04","Paige Levin","全球深度报道网","4","301"
"99","
                        五招开源信息调查入门，教你做社交媒体时代的福尔摩斯 
                    ","2016-08-29","Eliot Higgins","全球深度报道网","6","373"
"100","
                        报道亚洲 |连社区、挖数据、做深度：亚洲独立网媒分享发展之道 
                    ","2016-08-27","GIJN STAFF","全球深度报道网","3","255"
"101","
                        密西西比追凶调查：地方报纸如何做出优秀调查报道 
                    ","2016-08-25","GIJN STAFF","全球深度报道网","7","571"
"102","
                        卧底黑餐馆，新京报记者深挖网络外卖乱象 
                    ","2016-08-23","梁思然","全球深度报道网","14","1403"
"103","
                        报道亚洲 | 新闻人必备的数据保护技巧，专家告诉你 
                    ","2016-08-12","GIJN STAFF","全球深度报道网","6","388"
"104","
                        微博解读 | 微博传播机制140字解读——上半部分 
                    ","2016-09-17","沈浩","沈浩老师","10","271"
"105","
                        大数据时代 | 大数据、商业智能、数据可视化的商业逻辑 
                    ","2016-09-16","沈浩","沈浩老师","12","663"
"106","
                        聊聊一款数据操作工具Pandas · 上 
                    ","2016-09-12","林顿同学","沈浩老师","16","551"
"107","
                        机器学习应用实例|如何识别标题党？ 
                    ","2016-08-24","沈浩老师","沈浩老师","11","535"
"108","
                        用您手里的新闻做点什么吧 
                    ","2016-08-22","沈浩老师","沈浩老师","4","409"
"109","
                        如何真正学好数据科学？ 
                    ","2016-08-18","沈浩老师","沈浩老师","9","431"
"110","
                        Processing与视觉传达 
                    ","2016-08-15","沈浩老师","沈浩老师","11","757"
"111","
                        在品牌研究中，对于人工智能而言，创造性思维意味着什么？ 
                    ","2016-08-12","沈浩老师","沈浩老师","2","284"
"112","
                        数据科学家和工程师的“五诫” 
                    ","2016-08-10","沈浩老师","沈浩老师","4","322"
"113","
                        两极走走 | 南极去了北极就不远了 
                    ","2016-08-09","沈浩老师","沈浩老师","11","452"
"114","
                        【比赛机会】第二届高校数据新闻报道大赛 
                    ","2016-02-22",NA,"财新数据可视化实验室","12","1339"
"115","
                        财新数据可视化实验室 赢得“国际数字媒体创新大赛”（Editors Lab）香港站比赛 
                    ","2015-12-05","陈嘉慧","财新数据可视化实验室","31","1809"
"116","
                        免费MOOC课程《信息图表和数据可视化入门》开放注册！ 
                    ","2015-10-25",NA,"财新数据可视化实验室","10","1535"
"117","
                        数字说 | 中国有多少贫困人口？ 
                    ","2015-09-24","张艾华","财新数据可视化实验室","4","952"
"118","
                        数字说 | 彩票旺季又要来了 
                    ","2015-09-23","张艾华 周东旭","财新数据可视化实验室","1","328"
"119","
                        数字说 | 中美领导人43年间18度互访 
                    ","2015-09-21","郭佳琰","财新数据可视化实验室","5","453"
"120","
                        黄志敏：一个数据新闻是如何用7步生产出来的？ 
                    ","2015-09-18",NA,"财新数据可视化实验室","10","805"
"121","
                        数字说 | 中国内陆城市外资注入提升快 
                    ","2015-09-17","郭佳琰","财新数据可视化实验室","0","276"
"122","
                        干货整理｜8位数据新闻大咖聚会都说了什么？ 
                    ","2015-09-14",NA,"财新数据可视化实验室","5","910"
"123","
                        【北京活动】京华论道——2015可视化与数据新闻分享会 
                    ","2015-09-10",NA,"财新数据可视化实验室","0","331"
"124","
                        想不想在“天上”做实验？你得先学会这几点 | 新闻百科 
                    ","2016-09-16","科普中国","镝次元数据传媒实验室","3","138"
"125","
                        开学季，在珞珈山谈数据新闻：首届数据与媒介发展论坛都谈了什么？ 
                    ","2016-09-15","镝次元","镝次元数据传媒实验室","1","176"
"126","
                        里约大冒险：哒哒带你玩转资讯 | 沙龙分享 
                    ","2016-09-15","镝次元","镝次元数据传媒实验室","4","67"
"127","
                        开学季，在珞珈山谈数据新闻：首届数据与媒介发展论坛都谈了什么？ 
                    ","2016-09-14","镝次元","镝次元数据传媒实验室","11","247"
"128","
                        画说新闻：凤凰网大鱼号的报道新姿势 | 镝次元线上沙龙 
                    ","2016-09-14","镝次元","镝次元数据传媒实验室","5","285"
"129","
                        竞技运动员的体征奥秘 | 好作品不下线 
                    ","2016-09-13","镝次元","镝次元数据传媒实验室","8","243"
"130","
                        看美国大选何去何去？｜一周数据新闻 
                    ","2016-09-11","镝次元","镝次元数据传媒实验室","3","244"
"131","
                        记录的诞生｜好作品不下线 
                    ","2016-09-11","镝次元","镝次元数据传媒实验室","3","77"
"132","
                        为你的数据选择合适的色彩 | 独家编译 
                    ","2016-09-09","镝次元","镝次元数据传媒实验室","8","222"
"133","
                        为什么你的城市这么堵 | D+专栏 
                    ","2016-09-09","镝次元","镝次元数据传媒实验室","2","107"
"134","
                        如何用GeoHey开发炫酷动态地图｜D+专栏 
                    ","2016-09-06","GeoHey","镝次元数据传媒实验室","2","217"
"135","
                        新京报：用数据制图实现“新闻科普” | 镝次元线上沙龙 
                    ","2016-09-05","镝次元","镝次元数据传媒实验室","6","318"
"136","
                        如何用GeoHey开发炫酷动态地图｜D+专栏 
                    ","2016-09-05","GeoHey","镝次元数据传媒实验室","5","121"
"137","
                        图说环境｜一周数据新闻 
                    ","2016-09-04","镝次元","镝次元数据传媒实验室","6","186"
"138","
                        产品化思维玄机何在？｜好作品不下线 
                    ","2016-09-04","镝次元","镝次元数据传媒实验室","1","91"
"139","
                        奥运结束？这些作品值得你复盘！｜好作品不下线 
                    ","2016-09-03","镝次元","镝次元数据传媒实验室","3","227"
"140","
                        9/11后十五年,纽约仍未放弃寻找身体残骸的主人 
                    ","2016-09-13","巫雨松 马晓青","网易数读","14","489"
"141","
                        十五年前，美国唯一预测到9/11的人死在了世贸中心 
                    ","2016-09-11","网易原点","网易数读","18","882"
"142","
                        中国药物审批时间过长,药企为省钱数据普遍造假 
                    ","2016-09-07","巫雨松 郭晓静","网易数读","11","475"
"143","
                        在中国没人管的隐私侵犯，在国外会被罚到破产 
                    ","2016-09-01","吴静宜 马晓青","网易数读","18","1392"
"144","
                        东北振兴十年难挡颓势,再投1.6万亿能救经济吗? 
                    ","2016-08-30","巫雨松 郭晓静","网易数读","21","904"
"145","
                        奥运金牌超中国，英国靠的不是“举国体制” 
                    ","2016-08-25","刘锐 郭晓静","网易数读","25","1455"
"146","
                        奥运奇葩事：跑马拉松不穿鞋，男扮女装去跳高 
                    ","2016-08-19","巫雨松 赵鹏路","网易数读","4","535"
"147","
                        欧美反全球化声浪高涨,因富人和亚洲中产最受益 
                    ","2016-08-18","巫雨松 郭晓静","网易数读","11","580"
"148","
                        高房价拉动了GDP，房地产行业还能繁荣多久？ 
                    ","2016-08-16","巫雨松 赵鹏路","网易数读","23","1371"
"149","
                        【短文系列】2016年世界最具价值品牌 
                    ","2016-09-19","Leslie","社会科学中的数据可视化","2","359"
"150","
                        【视图系列】看见音乐 
                    ","2016-09-17","Tiffany","社会科学中的数据可视化","4","591"
"151","
                        【短文系列】家庭、工作、朋友、休闲、信仰、政治：什么最重要？ 
                    ","2016-09-16","Leslie","社会科学中的数据可视化","3","862"
"152","
                        【视图系列】Pokemon Go的世界 
                    ","2016-09-14","Jessie","社会科学中的数据可视化","4","703"
"153","
                        【视图系列】你所属的服务器正在遭受攻击吗？ 
                    ","2016-09-12","Tiffany","社会科学中的数据可视化","3","326"
"154","
                        【学术系列】印度人口何时将超越中国？ 
                    ","2016-09-09","Leslie","社会科学中的数据可视化","0","774"
"155","
                        【视图系列】商品贸易开放度地图 
                    ","2016-09-07","Tiffany","社会科学中的数据可视化","5","612"
"156","
                        【视图系列】从环保角度看G20经济体的重要影响 
                    ","2016-09-05","Ruby","社会科学中的数据可视化","5","633"
"157","
                        【视图系列】历史上哪个国家夺得奥运奖牌最多？ 
                    ","2016-09-02","Jessie","社会科学中的数据可视化","2","834"
"158","
                        【学术系列】权力中的女性 
                    ","2016-08-31","Leslie","社会科学中的数据可视化","4","602"
"159","
                        手把手教规划师玩转大数据9：大众点评数据的象限分析 
                    ","2016-09-19","城市数据派","城市数据派","1","456"
"160","
                        【免费微信沙龙】段冰若：如何用机器学习研究城市 
                    ","2016-09-18","城市数据派","城市数据派","3","798"
"161","
                        【派姐VS李郇】如何用大数据研究自行车网络体系？ 
                    ","2016-09-12","城市数据派","城市数据派","11","2022"
"162","
                        【今晚8点微信课堂】OSM数据如何获取？获取后能用来做什么？答案尽在【城市数据派直播间】 
                    ","2016-09-11","城市数据派","城市数据派","3","604"
"163","
                        【10月广州站】大数据获取+大数据分析+规划应用，都在这里！ 
                    ","2016-09-10","城市数据派","城市数据派","1","420"
"164","
                        【本周日晚8点微信课堂】OSM在线课程开课啦，到【城市数据派直播间】学习去！ 
                    ","2016-09-09","城市数据派","城市数据派","3","352"
"165","
                        手把手教规划师玩转大数据8：用八爪鱼获取大众点评数据 
                    ","2016-09-07","城市数据师","城市数据派","2","506"
"166","
                        OSM在线课程开课啦，到【城市数据派直播间】学习去！ 
                    ","2016-09-05","城市数据派","城市数据派","5","400"
"167","
                        原创金牌课程ArcGIS应用与分析：空间数据处理技巧、分析方法与可视化技术 
                    ","2016-09-04","城市数据派","城市数据派","2","473"
"168","
                        【派姐喊你来参会】T112016暨TalkingData智能数据峰会 
                    ","2016-09-02","T11","城市数据派","2","332"
"169","
                        公共厕所上哪家？KFC、M记 or公家？ 
                    ","2016-09-09","李娜","城市数据研究院","17","4619"
"170","
                        300亿条出租车数据里的五大秘密：上海8点13分最堵，司机凌晨喜欢把车停靠在… 
                    ","2016-08-08","副院长","城市数据研究院","12","1944"
"171","
                        上海滩是如何建成的？大数据回顾上海住宅房百年发展史 
                    ","2016-06-28","许婧","城市数据研究院","87","12522"
"172","
                        上班族每天在地铁上花费37分钟，经过9.78站|2号线是上海经济命脉|上海地铁大数据趣味研究 
                    ","2016-06-14","副院长","城市数据研究院","28","14109"
"173","
                        75%的购房者或租客被假房源骗过｜二手房网站多依赖房源点击收费｜购房者如何识别假房源？链家凭什么能承诺真房源？ 
                    ","2016-04-29","方大喵","城市数据研究院","4","1820"
"174","
                        如果你要去热门景区玩（zao）耍（du） 请收藏这份出行指南 
                    ","2016-09-15",NA,"图表新闻","9","716"
"175","
                        你不知道的探月史 曾经有国家想炸掉月球？ 
                    ","2016-09-14",NA,"图表新闻","7","628"
"176","
                        老九门弱爆了好伐！盗墓技术哪家强？这些人才是倒斗之王！（上） 
                    ","2016-09-13","Laura.Z","图表新闻","4","793"
"177","
                        严肃八卦： 德云社百人关系图 谁是谁的师父？ 
                    ","2016-09-10","丽娜 小明","图表新闻","14","2219"
"178","
                        网红时代大数据：广东人最爱看直播 听的最多却是东北话 
                    ","2016-09-07","设计：小明","图表新闻","11","912"
"179","
                        G20峰会合影如何排位置？谁站在习大大身边？ 
                    ","2016-09-05",NA,"图表新闻","15","2143"
"180","
                        如果你还没孩子，可能不知道幼儿园学费居然这么高 
                    ","2016-09-01","小明","图表新闻","6","1747"
"181","
                        为什么骗子多是南方口音？他们怎么不去培训下普通话？ 
                    ","2016-09-01",NA,"图表新闻","4","748"
"182","
                        中国驻外使馆至少遭袭34次 半数以上“疆独”“藏独”所为 
                    ","2016-08-30",NA,"图表新闻","4","816"
"183","
                        中国年器官捐献数量世界第三？敢分摊到人吗？ | 数字之道 
                    ","2016-08-26","设计:小明","图表新闻","7","552"
"184","
                        美国独占鳌头120年 奥运奖牌是中国的5倍 共计2524枚 
                    ","2016-08-22","Laura.Z  毛毛","图表新闻","14","1301"
"185","
                        天宫二号空间实验室到底有多牛？ 
                    ","2016-09-15",NA,"大魚號","50","6089"
"186","
                        漫画：嫦娥本是蛤蟆，被卖药的包装成女神 
                    ","2016-09-15","大鱼漫画","大魚號","29","2900"
"187","
                        “月租房”天宫二号要上天 中国航天员何时能在宇宙长住 
                    ","2016-09-14",NA,"大魚號","16","2540"
"188","
                        漫画：女总统被推倒，接班的是个老司机 
                    ","2016-09-10",NA,"大魚號","74","7235"
"189","
                        又双叒叕核爆炸？朝鲜5次核试验示意图 
                    ","2016-09-09",NA,"大魚號","17","4926"
"190","
                        守身如玉才能当天皇，日本公主离王位到底有多远？ 
                    ","2016-09-08",NA,"大魚號","25","5222"
"191","
                        互动策划 ︳习近平和G20各国领导人都聊了啥？ 
                    ","2016-09-06",NA,"大魚號","15","3953"
"192","
                        拼图游戏 | G20开幕在即，20国国旗等你来升起 
                    ","2016-09-02",NA,"大魚號","13","2967"
"193","
                        漫画：菲律宾新总统其实是「玛丽苏」女主 
                    ","2016-09-01",NA,"大魚號","59","5215"
"194","
                        邻国蒙古经济崩盘，跟中国有什么关系？ 
                    ","2016-08-31",NA,"大魚號","78","7496"
"195","
                        G20时间来了，带你全景看杭州街头 
                    ","2016-08-31",NA,"大魚號","6","1976"
"196","
                        新疆领导换人！ 今年16省党政一把手变动都在这里 
                    ","2016-08-29",NA,"大魚號","21","6917"
